track,frame_idx,instance.score,head.x,head.y,head.score,neck.x,neck.y,neck.score,abdomen.x,abdomen.y,abdomen.score
,0,0.9219954013824463,1497.0767822265625,612.2053833007812,0.8683601021766663,1520.014892578125,612.2015991210938,0.8888810276985168,1556.9888916015625,608.8232421875,0.855105996131897
,1,0.9123982787132263,1492.6259765625,612.20361328125,0.8734713792800903,1512.7098388671875,612.3241577148438,0.8978031873703003,1552.4696044921875,612.2373657226562,0.7439649105072021
,2,0.9035080075263977,1488.46533203125,612.6295166015625,0.8863438963890076,1508.5294189453125,612.5567016601562,0.9002083539962769,1548.593994140625,612.2877197265625,0.8345937132835388
,3,0.8978675603866577,1484.43701171875,612.7343139648438,0.8700295686721802,1504.4842529296875,612.8499145507812,0.8797287940979004,1544.289306640625,612.5707397460938,0.7839356660842896
,4,0.8958630561828613,1480.5,612.5151977539062,0.8567941188812256,1500.55224609375,615.6337280273438,0.874251127243042,1537.102294921875,615.5183715820312,0.8212257027626038
,5,0.9106677770614624,1476.46484375,615.7080688476562,0.8719276785850525,1496.529052734375,615.8907470703125,0.8878350853919983,1533.1241455078125,615.6887817382812,0.8343151211738586
,6,0.9178580641746521,1469.1981201171875,615.9156494140625,0.8652814626693726,1492.10791015625,616.1326904296875,0.9029414653778076,1528.70263671875,615.9429931640625,0.7916446328163147
,7,0.9305123686790466,1468.0631103515625,616.4385986328125,0.8738471269607544,1488.1500244140625,616.4057006835938,0.901197612285614,1524.8946533203125,613.1181030273438,0.8292396664619446
,8,0.91275554895401,1460.7227783203125,616.424072265625,0.8745802044868469,1480.811279296875,616.567138671875,0.892507791519165,1520.4638671875,616.3470458984375,0.7204775810241699
,9,0.9034377932548523,1456.7740478515625,616.7938232421875,0.8725066781044006,1479.68017578125,616.8525390625,0.87897789478302,1516.5693359375,616.4783935546875,0.8197533488273621
,10,0.9062211513519287,1452.5810546875,619.4346923828125,0.8462103009223938,1472.618408203125,619.5531616210938,0.841547429561615,1512.2822265625,616.2498779296875,0.7695782780647278
,11,0.9069581031799316,1448.429931640625,619.8902587890625,0.8693072199821472,1468.45947265625,619.9741821289062,0.8502973318099976,1508.2657470703125,616.5332641601562,0.7894408702850342
,12,0.9135040044784546,1444.4385986328125,620.16455078125,0.879595935344696,1464.488525390625,620.1253662109375,0.8505911231040955,1504.36669921875,616.6911010742188,0.8042024970054626
,13,0.9096305966377258,1440.4837646484375,620.3802490234375,0.8671325445175171,1460.490478515625,620.478271484375,0.9094240665435791,1497.1343994140625,616.9898071289062,0.8138113617897034
,14,0.9188512563705444,1436.591064453125,620.7154541015625,0.8667283058166504,1456.634033203125,620.6826782226562,0.9017847776412964,1493.395751953125,617.2086791992188,0.889240026473999
,15,0.9093941450119019,1429.2581787109375,620.8984985351562,0.8664239645004272,1449.2869873046875,620.88427734375,0.8902298212051392,1488.953857421875,617.1847534179688,0.7444145679473877
,16,0.9010396599769592,1425.4075927734375,623.720703125,0.8781067728996277,1448.27294921875,623.6810913085938,0.8664827942848206,1485.22998046875,620.0094604492188,0.8587639927864075
,17,0.9094255566596985,1421.21533203125,623.8775024414062,0.8622223138809204,1444.156005859375,623.9713745117188,0.8915389180183411,1480.83349609375,620.3491821289062,0.7933567762374878
,18,0.9096909165382385,1417.1558837890625,624.2660522460938,0.8654463887214661,1440.0323486328125,624.259033203125,0.8926121592521667,1476.79833984375,620.560546875,0.818691611289978
,19,0.9157282710075378,1415.93896484375,624.5811157226562,0.8734259605407715,1435.9923095703125,624.5133666992188,0.8972888588905334,1472.73193359375,620.82958984375,0.824258029460907
,20,0.9020313620567322,1408.73095703125,624.8920288085938,0.8676193356513977,1431.69970703125,624.7845458984375,0.8946340084075928,1468.497802734375,621.0338745117188,0.7945229411125183
,21,0.8928706645965576,1404.793212890625,625.1334228515625,0.8564612865447998,1427.680419921875,624.9879150390625,0.8898871541023254,1464.5621337890625,621.4947509765625,0.8269685506820679
,22,0.8971582055091858,1400.505859375,627.81884765625,0.8676319122314453,1420.5380859375,627.7819213867188,0.8740091323852539,1460.26416015625,624.095947265625,0.7272008061408997
,23,0.9126197099685669,1396.673828125,628.3406982421875,0.8758746385574341,1419.5946044921875,628.20751953125,0.8766875267028809,1456.4345703125,624.5001831054688,0.8093311786651611
,24,0.90451580286026,1392.458740234375,628.5196533203125,0.8729977607727051,1412.528564453125,628.4540405273438,0.8878490328788757,1452.16357421875,624.6932373046875,0.7454241514205933
,25,0.9019035696983337,1388.5391845703125,628.7984619140625,0.877427339553833,1408.570556640625,628.6989135742188,0.8725042343139648,1448.302734375,625.2303466796875,0.7843888401985168
,26,0.9008568525314331,1384.547607421875,629.0747680664062,0.8651005625724792,1407.49951171875,628.9544067382812,0.8586492538452148,1444.3109130859375,628.4556274414062,0.7797868251800537
,27,0.9000844359397888,1380.396240234375,631.7821044921875,0.8632127046585083,1400.4600830078125,631.8225708007812,0.8586483597755432,1440.192138671875,628.5462036132812,0.7672170996665955
,28,0.916138231754303,1376.5997314453125,632.1381225585938,0.8778499364852905,1399.513671875,632.1641845703125,0.8651784658432007,1436.37353515625,628.8138427734375,0.7956442832946777
,29,0.9067400693893433,1372.364013671875,632.2167358398438,0.8773736953735352,1392.4210205078125,632.3792724609375,0.88962322473526,1432.22705078125,632.1749267578125,0.7333853840827942
,30,0.9164911508560181,1368.573974609375,632.6781005859375,0.8711500763893127,1388.676513671875,632.6526489257812,0.879342257976532,1428.4483642578125,632.363037109375,0.8182071447372437
,31,0.8982205390930176,1364.6319580078125,632.7771606445312,0.8705138564109802,1384.714599609375,632.928955078125,0.8771802186965942,1424.378662109375,632.6480712890625,0.731864333152771
,32,0.9013583064079285,1360.9044189453125,635.6246337890625,0.8641345500946045,1383.7711181640625,635.74365234375,0.8534286618232727,1420.490478515625,632.5574340820312,0.7818256616592407
,33,0.9098784923553467,1357.0499267578125,635.7567749023438,0.8634812831878662,1380.024658203125,635.9210205078125,0.8733605146408081,1416.553955078125,635.7145385742188,0.7824782729148865
,34,0.9102479815483093,1353.112060546875,636.0499267578125,0.8654390573501587,1376.071533203125,636.204833984375,0.89827561378479,1412.61376953125,635.8880004882812,0.7837167382240295
,35,0.9210101962089539,1352.327392578125,636.3934326171875,0.877812922000885,1372.392822265625,636.4012451171875,0.8824766874313354,1408.8958740234375,636.0660400390625,0.8266424536705017
,36,0.9067034721374512,1345.4505615234375,636.515869140625,0.862727165222168,1368.3702392578125,636.65234375,0.9040278792381287,1404.943359375,636.2877807617188,0.7508814334869385
,37,0.8895659446716309,1344.7076416015625,636.8670043945312,0.8715413212776184,1364.764404296875,636.85546875,0.909269392490387,1401.2996826171875,636.4696044921875,0.8786594271659851
,38,0.8954470157623291,1340.543701171875,639.4569091796875,0.8584281206130981,1360.5596923828125,639.5355224609375,0.8602123856544495,1400.225830078125,636.0952758789062,0.7185803055763245
,39,0.9040344953536987,1336.8863525390625,639.8657836914062,0.8801486492156982,1359.7694091796875,639.86865234375,0.8657212257385254,1396.5296630859375,636.3465576171875,0.8036080598831177
,40,0.9123741984367371,1333.206298828125,640.0615234375,0.8682025671005249,1356.2098388671875,640.1375732421875,0.893837034702301,1392.718505859375,636.5482177734375,0.7955933809280396
,41,0.8933702111244202,1332.2677001953125,640.2891845703125,0.8633362054824829,1352.3795166015625,640.3638305664062,0.902853786945343,1388.9337158203125,636.8014526367188,0.806347668170929
,42,0.8852790594100952,1328.670166015625,640.5499267578125,0.884351909160614,1348.6463623046875,640.614013671875,0.8885537981987,1385.34375,637.0919799804688,0.8793883919715881
,43,0.8847982883453369,1324.4281005859375,640.9892578125,0.8691144585609436,1344.516357421875,640.9631958007812,0.8879026174545288,1384.2677001953125,637.0869750976562,0.7540972232818604
,44,0.8871811628341675,1323.8629150390625,643.9833984375,0.8720079064369202,1343.9129638671875,643.8541259765625,0.8634193539619446,1380.7178955078125,639.8359985351562,0.8377035856246948
,45,0.9023060202598572,1317.224853515625,644.2487182617188,0.862493097782135,1340.255126953125,644.1321411132812,0.8881773948669434,1376.68212890625,639.966552734375,0.7311772108078003
,46,0.8944835662841797,1316.5423583984375,644.802978515625,0.8760213255882263,1336.563232421875,644.5621337890625,0.8952605724334717,1373.0966796875,640.2195434570312,0.8695542216300964
,47,0.8948278427124023,1312.6151123046875,648.481201171875,0.8577530384063721,1335.6077880859375,645.0752563476562,0.8577389121055603,1372.0777587890625,640.347412109375,0.8005029559135437
,48,0.9052854180335999,1311.8961181640625,651.7123413085938,0.8422139286994934,1331.897216796875,648.094482421875,0.8612231612205505,1368.2830810546875,640.306396484375,0.7795579433441162
,49,0.9220967292785645,1308.5162353515625,652.3877563476562,0.8703020215034485,1328.496337890625,648.6544189453125,0.8533264994621277,1364.861572265625,640.5389404296875,0.8948699831962585
,50,0.8951626420021057,1304.4388427734375,656.1568603515625,0.8283772468566895,1324.444580078125,649.2671508789062,0.8491731286048889,1363.579345703125,640.4384155273438,0.7560964226722717
,51,0.9169038534164429,1304.1060791015625,659.696044921875,0.8424527049064636,1323.85595703125,652.408203125,0.8163751363754272,1360.21533203125,643.6236572265625,0.8265500664710999
,52,0.8956567049026489,1300.4854736328125,660.3399658203125,0.8501922488212585,1320.4737548828125,656.1338500976562,0.859600305557251,1353.2313232421875,640.9278564453125,0.7911357879638672
,53,0.8811237215995789,1299.596923828125,663.9605102539062,0.8382483124732971,1319.41650390625,656.46630859375,0.7949328422546387,1352.3382568359375,644.0609741210938,0.8106581568717957
,54,0.918352484703064,1296.2659912109375,664.8243408203125,0.8811711072921753,1316.1705322265625,660.282470703125,0.8488302826881409,1348.8876953125,644.6478271484375,0.8543820381164551
,55,0.9078370928764343,1292.90673828125,668.4259033203125,0.8753936886787415,1312.7130126953125,663.7362670898438,0.8253470063209534,1345.2890625,648.0796508789062,0.8491549491882324
,56,0.9159496426582336,1292.34765625,672.6400146484375,0.8880245685577393,1312.01513671875,664.8109130859375,0.8489338159561157,1344.7086181640625,648.59765625,0.8636974096298218
,57,0.9008543491363525,1289.0023193359375,676.42236328125,0.9059312343597412,1308.673583984375,668.5239868164062,0.8511471748352051,1340.9473876953125,649.0122680664062,0.8623251914978027
,58,0.9223386645317078,1288.4046630859375,680.0940551757812,0.8719123005867004,1307.9439697265625,672.054443359375,0.8128527998924255,1340.397705078125,652.6427001953125,0.8861240744590759
,59,0.9053457975387573,1285.1448974609375,683.9413452148438,0.8963770866394043,1304.69189453125,675.921875,0.8218197822570801,1336.663330078125,656.1127319335938,0.8393174409866333
,60,0.9078531265258789,1284.3763427734375,687.7250366210938,0.8874815106391907,1303.9351806640625,679.639892578125,0.817558228969574,1336.2030029296875,660.1329345703125,0.8727238178253174
,61,0.8921051621437073,1284.6983642578125,692.59716796875,0.8774452805519104,1301.315673828125,681.2315063476562,0.840169370174408,1332.69970703125,660.7908935546875,0.8854166865348816
,62,0.9076012372970581,1284.13134765625,696.66650390625,0.8714049458503723,1300.4951171875,685.1580810546875,0.8373491764068604,1332.0728759765625,664.8692626953125,0.8865324258804321
,63,0.8978158831596375,1283.814208984375,700.6815795898438,0.8635798096656799,1300.0526123046875,688.9826049804688,0.8273071050643921,1328.304931640625,668.511474609375,0.8607637882232666
,64,0.910758376121521,1280.4915771484375,707.43359375,0.8868345618247986,1296.727783203125,695.80712890625,0.8459684252738953,1325.1337890625,672.2591552734375,0.8427132964134216
,65,0.9219101071357727,1280.301513671875,711.6002807617188,0.8552369475364685,1296.372314453125,699.845458984375,0.8132439851760864,1324.182373046875,676.0892944335938,0.8521904945373535
,66,0.9221062660217285,1280.1746826171875,716.2305908203125,0.9045640230178833,1296.0823974609375,704.0643310546875,0.8661450743675232,1320.4580078125,679.9192504882812,0.7765655517578125
,67,0.9167634844779968,1277.6014404296875,720.76611328125,0.862122118473053,1293.425537109375,708.5281372070312,0.8503244519233704,1320.398681640625,684.2936401367188,0.8570133447647095
,68,0.9312063455581665,1280.4765625,728.3163452148438,0.8837764859199524,1293.226806640625,712.9475708007812,0.8394356966018677,1316.846923828125,688.2596435546875,0.8477227091789246
,69,0.9296439290046692,1277.14892578125,732.2843627929688,0.8793646097183228,1292.628662109375,719.8042602539062,0.8788020014762878,1316.552001953125,692.2765502929688,0.8179925084114075
,70,0.9433030486106873,1280.3062744140625,739.7333374023438,0.8736435174942017,1292.6561279296875,724.1720581054688,0.8723271489143372,1312.950927734375,696.2094116210938,0.8237581849098206
,71,0.9394591450691223,1280.5968017578125,744.8214111328125,0.9289202094078064,1292.59033203125,728.875,0.8699008822441101,1312.7197265625,700.820556640625,0.761558473110199
,72,0.9283468127250671,1280.698974609375,749.19580078125,0.8807010054588318,1292.50634765625,733.2350463867188,0.8418475389480591,1311.9180908203125,704.8843383789062,0.8386228084564209
,73,0.9335732460021973,1280.7559814453125,756.6041259765625,0.9087873101234436,1292.514404296875,740.3764038085938,0.8908687233924866,1308.7615966796875,712.0806884765625,0.7316638231277466
,74,0.9165313839912415,1283.94287109375,764.3668823242188,0.8731427192687988,1292.444091796875,745.18505859375,0.8628877997398376,1308.560546875,716.6392822265625,0.8232337832450867
,75,0.9354311227798462,1284.32763671875,768.692138671875,0.8624957799911499,1292.7132568359375,752.3274536132812,0.8727806806564331,1308.3458251953125,723.6800537109375,0.7791615724563599
,76,0.9252570867538452,1284.7999267578125,776.70654296875,0.8918580412864685,1295.7677001953125,757.2198486328125,0.8612146377563477,1308.544677734375,728.599853515625,0.8111692667007446
,77,0.9382280707359314,1288.1767578125,783.8538208007812,0.8768668174743652,1296.02587890625,764.2863159179688,0.8632596731185913,1308.511474609375,732.6625366210938,0.8553529381752014
,78,0.9145976901054382,1288.8809814453125,789.1019897460938,0.9490219950675964,1296.6046142578125,772.3429565429688,0.8687332272529602,1309.11962890625,740.5501708984375,0.8019481897354126
,79,0.9122045636177063,1289.0614013671875,796.1427612304688,0.9022652506828308,1296.9232177734375,776.54248046875,0.8607665300369263,1309.024169921875,747.91650390625,0.8853123784065247
,80,0.9146811962127686,1292.31494140625,801.2623901367188,0.9582491517066956,1299.9432373046875,781.5227661132812,0.8749293684959412,1312.048583984375,752.7049560546875,0.7364948987960815
,81,0.9209433197975159,1292.6702880859375,808.6455688476562,0.9339249134063721,1300.2479248046875,788.8994140625,0.8751007318496704,1312.56787109375,760.1597900390625,0.8723458647727966
,82,0.9117293953895569,1295.690185546875,815.7460327148438,0.8794114589691162,1300.4696044921875,796.2626342773438,0.8933799266815186,1312.5618896484375,764.4158325195312,0.7910481095314026
,83,0.9182130098342896,1296.4952392578125,821.0960693359375,0.9520186185836792,1304.0738525390625,801.3462524414062,0.8891086578369141,1316.3883056640625,772.5526123046875,0.8253033757209778
,84,0.9185659885406494,1296.4884033203125,828.1578979492188,0.8802140951156616,1304.384521484375,808.593017578125,0.8954533934593201,1316.4808349609375,776.8226318359375,0.8268406391143799
,85,0.9231650829315186,1300.27392578125,835.6583251953125,0.9171717762947083,1307.994140625,816.1290283203125,0.8698607683181763,1320.9737548828125,787.5740356445312,0.8453841209411621
,86,0.9164766669273376,1300.44482421875,840.5540161132812,0.871371328830719,1308.36865234375,821.1309204101562,0.8905043005943298,1323.7705078125,789.3955078125,0.8710348606109619
,87,0.924084484577179,1304.4591064453125,848.1574096679688,0.9249656200408936,1312.2205810546875,828.6629638671875,0.8703837394714355,1328.699462890625,800.2864379882812,0.8415462374687195
,88,0.9145920872688293,1304.453125,852.426513671875,0.8612889647483826,1312.484130859375,836.0460205078125,0.9046786427497864,1328.4468994140625,804.5094604492188,0.8669596314430237
,89,0.9020279049873352,1308.6585693359375,860.5748291015625,0.9167891144752502,1316.732666015625,841.073974609375,0.8688015937805176,1332.89208984375,812.595458984375,0.8841056227684021
,90,0.9161099195480347,1308.7900390625,864.84716796875,0.8829562664031982,1316.9908447265625,848.46240234375,0.8819829821586609,1336.0191650390625,820.2142944335938,0.8502191305160522
,91,0.914768397808075,1312.1937255859375,872.63525390625,0.8991613388061523,1320.4053955078125,853.31591796875,0.8944099545478821,1336.338623046875,824.7762451171875,0.7799422144889832
,92,0.9119808673858643,1313.196044921875,877.0726928710938,0.8932783603668213,1324.2392578125,860.596923828125,0.8762732744216919,1340.6011962890625,832.694091796875,0.8527456521987915
,93,0.9199811816215515,1316.1158447265625,883.956787109375,0.8684409260749817,1324.638916015625,867.8413696289062,0.9135207533836365,1343.8280029296875,839.9924926757812,0.8116846680641174
,94,0.9038230776786804,1319.8099365234375,889.0968017578125,0.8962675929069519,1327.9234619140625,872.7225952148438,0.9166622161865234,1347.7142333984375,844.6229858398438,0.7925606369972229
,95,0.9296380877494812,1320.3984375,895.9539794921875,0.8521185517311096,1328.948486328125,879.9069213867188,0.889524519443512,1348.46875,852.2290649414062,0.8686479926109314
,96,0.9146238565444946,1324.0128173828125,900.9390869140625,0.9025031328201294,1332.3975830078125,884.6471557617188,0.8965715169906616,1352.2784423828125,856.813720703125,0.8012890219688416
,97,0.9069400429725647,1324.622802734375,907.8870239257812,0.8565783500671387,1333.216064453125,891.8294067382812,0.8732444643974304,1353.1898193359375,864.296630859375,0.8570420145988464
,98,0.9329445362091064,1328.1328125,912.57373046875,0.8850242495536804,1336.6416015625,896.37890625,0.8965349197387695,1356.6123046875,868.6854248046875,0.8224865198135376
,99,0.8916178345680237,1329.2503662109375,917.4746704101562,0.8816128373146057,1340.457275390625,901.0985717773438,0.8679158687591553,1357.2711181640625,873.4407958984375,0.8465113639831543
,100,0.928716242313385,1332.2208251953125,923.9859619140625,0.8575850129127502,1340.860107421875,907.9639282226562,0.9005393981933594,1360.7105712890625,880.1263427734375,0.8351678252220154
,101,0.9174041152000427,1335.6939697265625,928.805419921875,0.8877518177032471,1344.03857421875,912.5550537109375,0.9191023707389832,1364.108154296875,884.4818115234375,0.8205960392951965
,102,0.9229832887649536,1336.59033203125,933.18603515625,0.8608952164649963,1345.1593017578125,916.996826171875,0.8707477450370789,1364.4468994140625,888.9200439453125,0.882942795753479
,103,0.9151979684829712,1336.7713623046875,939.9744873046875,0.886474072933197,1348.1920166015625,923.857666015625,0.9095386862754822,1368.531982421875,895.9273681640625,0.8162968158721924
,104,0.9255281686782837,1340.520751953125,944.470458984375,0.8562333583831787,1348.9927978515625,928.3488159179688,0.8796088099479675,1368.5833740234375,900.2638549804688,0.9117277264595032
,105,0.9250001907348633,1343.921875,948.9061279296875,0.8889058828353882,1352.375,932.6199340820312,0.899919331073761,1372.037109375,904.3333129882812,0.844901442527771
,106,0.904514491558075,1344.8095703125,956.35546875,0.8735111355781555,1356.0467529296875,937.1637573242188,0.8609681725502014,1372.7633056640625,908.8741455078125,0.8733944296836853
,107,0.9122574329376221,1347.950927734375,960.642822265625,0.9104076027870178,1356.32666015625,944.4077758789062,0.8713045120239258,1375.8037109375,912.7605590820312,0.8417204022407532
,108,0.9242939949035645,1348.7197265625,964.5723266601562,0.8780978918075562,1357.09814453125,948.2913208007812,0.8891355991363525,1376.680908203125,919.959228515625,0.8988121151924133
,109,0.9165536761283875,1351.673583984375,968.8379516601562,0.8719612956047058,1360.0482177734375,952.5723876953125,0.9117273688316345,1376.45703125,924.1165771484375,0.8604274988174438
,110,0.9318974018096924,1352.6358642578125,976.291015625,0.8986867070198059,1360.939453125,960.1004638671875,0.8653615117073059,1380.77978515625,928.517578125,0.8700695037841797
,111,0.9049590826034546,1353.1768798828125,980.7242431640625,0.8710981011390686,1364.43212890625,964.49658203125,0.8663360476493835,1380.8392333984375,932.8836669921875,0.9361795783042908
,112,0.9094120860099792,1356.069091796875,984.4362182617188,0.876891016960144,1364.50341796875,968.2223510742188,0.9002500176429749,1384.322021484375,939.742431640625,0.8602547645568848
,113,0.9234611988067627,1356.6741943359375,988.9666748046875,0.863647997379303,1365.1214599609375,972.8021850585938,0.8709974884986877,1384.845703125,944.2239379882812,0.9107199907302856
,114,0.9119648337364197,1357.473876953125,996.3626098632812,0.8752787709236145,1368.6568603515625,977.1326293945312,0.8511608839035034,1385.40673828125,948.4395751953125,0.9225108623504639
,115,0.9109470248222351,1360.23193359375,1000.6774291992188,0.9225791692733765,1368.6416015625,984.5247192382812,0.8689049482345581,1388.38623046875,952.7566528320312,0.8908541798591614
,116,0.9221877455711365,1360.5233154296875,1004.3184204101562,0.8467607498168945,1369.115478515625,988.288330078125,0.8737712502479553,1388.7646484375,959.8150024414062,0.9137564301490784
,117,0.9125369191169739,1360.468017578125,1008.7950439453125,0.898799479007721,1371.8748779296875,992.614501953125,0.9027946591377258,1392.223388671875,964.0548706054688,0.826521098613739
,118,0.9210682511329651,1363.7718505859375,1016.148681640625,0.8656386733055115,1372.313232421875,997.1578369140625,0.8750045895576477,1391.94970703125,968.5204467773438,0.9149214625358582
,119,0.9174723029136658,1364.4779052734375,1020.6173095703125,0.9160798192024231,1373.0406494140625,1004.4985961914062,0.8593060374259949,1392.9288330078125,972.8731689453125,0.8902121186256409
,120,0.9280137419700623,1364.620849609375,1024.5880126953125,0.8624076247215271,1373.101806640625,1008.4760131835938,0.8799704313278198,1392.8983154296875,979.9935913085938,0.9224178194999695
,121,0.9186204671859741,1365.158447265625,1031.9677734375,0.8638222217559814,1376.447509765625,1012.8646240234375,0.8594778180122375,1393.375244140625,984.3130493164062,0.9182580709457397
,122,0.90188068151474,1367.71142578125,1036.4013671875,0.906181812286377,1376.15283203125,1017.2974243164062,0.8862215280532837,1396.0302734375,988.6886596679688,0.8478653430938721
,123,0.9305342435836792,1364.808837890625,1040.1893310546875,0.8529016375541687,1376.3306884765625,1024.0667724609375,0.9154858589172363,1395.958251953125,995.6549682617188,0.842880129814148
,124,0.9134821891784668,1368.20751953125,1044.6729736328125,0.8829472064971924,1376.738525390625,1028.512451171875,0.892586886882782,1396.722900390625,1000.186279296875,0.8565588593482971
,125,0.9211641550064087,1368.4107666015625,1049.03125,0.8616759181022644,1376.936279296875,1032.9039306640625,0.8730447292327881,1396.1302490234375,1004.5921020507812,0.8964596390724182
,126,0.9187378287315369,1368.8531494140625,1056.6011962890625,0.9037109017372131,1377.28076171875,1040.4305419921875,0.8480808138847351,1397.097412109375,1009.012939453125,0.8657236695289612
,127,0.9149354696273804,1368.8519287109375,1060.4251708984375,0.8619869351387024,1377.1768798828125,1044.2413330078125,0.8826848268508911,1396.7078857421875,1015.9117431640625,0.9156173467636108
,128,0.9143086075782776,1369.148193359375,1064.89111328125,0.8705858588218689,1380.3531494140625,1048.6158447265625,0.8653294444084167,1397.14453125,1020.2297973632812,0.9074400663375854
,129,0.9092194437980652,1369.44580078125,1072.3658447265625,0.8814358115196228,1380.5235595703125,1053.085693359375,0.8750046491622925,1397.168701171875,1024.7041015625,0.910810112953186
,130,0.9002508521080017,1372.5194091796875,1076.810302734375,0.8852522969245911,1380.656982421875,1060.369873046875,0.8660619854927063,1397.1397705078125,1028.8486328125,0.92348313331604
,131,0.8912590146064758,1371.7071533203125,1080.5740966796875,0.898281991481781,1379.895751953125,1064.2659912109375,0.9244308471679688,1399.6849365234375,1035.73193359375,0.8249412178993225
,132,0.9165019989013672,1371.7860107421875,1084.83349609375,0.8733845353126526,1380.0849609375,1068.5408935546875,0.9033538699150085,1396.4063720703125,1040.0325927734375,0.8596516251564026
,133,0.905864417552948,1371.973388671875,1092.188232421875,0.9165666699409485,1380.0982666015625,1075.9686279296875,0.8888144493103027,1400.07080078125,1044.2021484375,0.8516511917114258
,134,0.898099958896637,1371.8695068359375,1096.63330078125,0.899130642414093,1380.0921630859375,1077.4451904296875,0.8825322389602661,1396.497802734375,1048.6661376953125,0.87901371717453
,135,0.9095115661621094,1371.8033447265625,1100.4503173828125,0.888571560382843,1380.03466796875,1084.1954345703125,0.9203329086303711,1399.6588134765625,1055.5648193359375,0.8237728476524353
,136,0.9032565355300903,1372.53857421875,1107.969970703125,0.8746188879013062,1380.5103759765625,1088.677490234375,0.8723031878471375,1397.0938720703125,1060.1036376953125,0.9261966347694397
,137,0.9096943736076355,1369.4520263671875,1112.29296875,0.872640073299408,1380.4443359375,1093.0355224609375,0.858782947063446,1397.029541015625,1064.274169921875,0.9265816807746887
,138,0.9023475646972656,1372.3570556640625,1116.818359375,0.9116314053535461,1380.3419189453125,1100.400146484375,0.8750331997871399,1396.960205078125,1068.66748046875,0.9298949241638184
,139,0.913485586643219,1369.00634765625,1120.2906494140625,0.8458148837089539,1377.216552734375,1104.0634765625,0.879120945930481,1396.3260498046875,1075.6494140625,0.9022185802459717
,140,0.9156962633132935,1368.837646484375,1124.7479248046875,0.8685474395751953,1377.1966552734375,1108.5474853515625,0.8785392045974731,1397.07666015625,1079.980224609375,0.8806577324867249
,141,0.9219378232955933,1368.638427734375,1132.0875244140625,0.8597428798675537,1376.905517578125,1112.8936767578125,0.8712501525878906,1396.0504150390625,1084.2659912109375,0.9069607853889465
,142,0.9328038096427917,1368.342529296875,1136.428466796875,0.9061147570610046,1376.7232666015625,1120.2607421875,0.8736761212348938,1396.42333984375,1088.53369140625,0.8844680786132812
,143,0.9081248044967651,1367.84326171875,1140.154052734375,0.8650130033493042,1376.222412109375,1124.0272216796875,0.9226973056793213,1395.8662109375,1095.5548095703125,0.8186740875244141
,144,0.9090673327445984,1367.5897216796875,1144.585693359375,0.8739721775054932,1375.9031982421875,1128.3450927734375,0.9169332385063171,1395.59375,1099.715087890625,0.8110180497169495
,145,0.9226036667823792,1365.1290283203125,1149.074951171875,0.8722037076950073,1376.225341796875,1132.756103515625,0.8770933747291565,1392.9493408203125,1104.342529296875,0.9059252738952637
,146,0.9381412863731384,1364.8052978515625,1156.173095703125,0.8590952754020691,1375.9599609375,1136.976806640625,0.8692657947540283,1392.2352294921875,1108.4971923828125,0.9260272979736328
,147,0.9132755994796753,1364.575927734375,1160.6531982421875,0.9102882742881775,1372.894775390625,1144.383544921875,0.871321439743042,1392.4678955078125,1112.85888671875,0.856961190700531
,148,0.9137515425682068,1363.94580078125,1164.2584228515625,0.851642370223999,1372.2657470703125,1148.075439453125,0.9164823293685913,1388.6915283203125,1119.61572265625,0.838441789150238
,149,0.9123204946517944,1363.7113037109375,1168.660400390625,0.8907945156097412,1371.972900390625,1152.3446044921875,0.9201653599739075,1391.908935546875,1123.940673828125,0.8248323798179626
,150,0.9295744895935059,1361.0794677734375,1176.06201171875,0.8625977039337158,1369.3095703125,1156.8408203125,0.8644235730171204,1388.66064453125,1128.3009033203125,0.9202660322189331
,151,0.9286108016967773,1360.6644287109375,1180.3526611328125,0.8897818922996521,1368.9832763671875,1161.1585693359375,0.8669415712356567,1388.3846435546875,1132.3768310546875,0.8895465731620789
,152,0.8986072540283203,1360.2791748046875,1184.749267578125,0.911668062210083,1368.447509765625,1168.4439697265625,0.8805297613143921,1387.804931640625,1136.7919921875,0.8532959818840027
,153,0.9087966680526733,1357.4256591796875,1188.4437255859375,0.8587186932563782,1368.4483642578125,1172.1683349609375,0.8646852970123291,1384.94873046875,1143.6253662109375,0.9126754403114319
,154,0.9129981398582458,1357.1920166015625,1195.8502197265625,0.8696642518043518,1368.1820068359375,1176.5791015625,0.8815996646881104,1384.9407958984375,1148.087646484375,0.9018766283988953
,155,0.9353071451187134,1356.6163330078125,1197.1192626953125,0.8592317700386047,1364.866455078125,1180.853271484375,0.8716936707496643,1380.9049072265625,1152.1922607421875,0.900996744632721
,156,0.9170125722885132,1356.3377685546875,1204.4124755859375,0.9207749366760254,1364.4971923828125,1188.12744140625,0.8898743987083435,1383.9329833984375,1156.42626953125,0.8452664017677307
,157,0.8939808011054993,1353.460693359375,1208.25634765625,0.8545372486114502,1364.3817138671875,1191.9132080078125,0.8819873929023743,1380.6358642578125,1163.488525390625,0.9068639278411865
,158,0.9225864410400391,1353.0703125,1212.6416015625,0.8744744062423706,1364.0103759765625,1196.265625,0.8792011141777039,1380.439453125,1167.689453125,0.8817762136459351
,159,0.9206090569496155,1352.619140625,1219.984130859375,0.8757725358009338,1360.7666015625,1200.7005615234375,0.8955938220024109,1379.856689453125,1172.08447265625,0.8477920293807983
,160,0.9176123738288879,1352.13818359375,1224.3831787109375,0.8928560614585876,1360.2904052734375,1205.08447265625,0.8985315561294556,1376.46875,1176.2186279296875,0.8436216115951538
,161,0.9009152054786682,1352.6177978515625,1228.9527587890625,0.9316356182098389,1360.5792236328125,1212.4183349609375,0.8837674260139465,1376.897216796875,1180.796142578125,0.8952269554138184
,162,0.9267793297767639,1348.889892578125,1232.38134765625,0.8570097088813782,1357.05908203125,1216.066162109375,0.8826028108596802,1373.040771484375,1187.6051025390625,0.9016830921173096
,163,0.9246433973312378,1348.47119140625,1239.7479248046875,0.8831101655960083,1356.7373046875,1220.568603515625,0.8915836811065674,1376.28857421875,1192.06103515625,0.8483569025993347
,164,0.8980072140693665,1347.8851318359375,1244.224853515625,0.8907181620597839,1356.0775146484375,1224.9296875,0.9046133160591125,1372.2774658203125,1196.2021484375,0.8617942929267883
,165,0.9132210612297058,1348.374267578125,1248.669677734375,0.9053750038146973,1356.397705078125,1229.2874755859375,0.874078631401062,1372.7784423828125,1200.6060791015625,0.9131134152412415
,166,0.9172684550285339,1344.6478271484375,1252.336181640625,0.8718069195747375,1352.900390625,1236.093994140625,0.9058394432067871,1372.10302734375,1207.6407470703125,0.8567583560943604
,167,0.9313263893127441,1344.1688232421875,1256.775634765625,0.8678078055381775,1352.3963623046875,1240.485595703125,0.9035242795944214,1371.8233642578125,1211.7449951171875,0.8391093611717224
,168,0.9111063480377197,1344.48779296875,1264.2840576171875,0.8928861021995544,1352.548095703125,1244.8824462890625,0.8883078694343567,1369.010009765625,1216.353515625,0.9313786029815674
,169,0.9249069690704346,1340.882080078125,1268.4373779296875,0.8743450045585632,1351.9830322265625,1249.1551513671875,0.8758069276809692,1367.966552734375,1220.5367431640625,0.921022355556488
,170,0.9065089225769043,1340.52978515625,1272.8221435546875,0.9226541519165039,1348.71826171875,1256.533203125,0.8839713335037231,1368.255859375,1224.79833984375,0.8590724468231201
,171,0.9076142907142639,1337.513427734375,1276.6220703125,0.8493362665176392,1348.53076171875,1260.3365478515625,0.8640083074569702,1364.789794921875,1231.824951171875,0.9386792182922363
,172,0.9199950695037842,1336.9884033203125,1283.9000244140625,0.8769403696060181,1348.1090087890625,1264.6868896484375,0.8774273991584778,1364.8316650390625,1236.1436767578125,0.9008733630180359
,173,0.9216769337654114,1336.3466796875,1288.3558349609375,0.8943715691566467,1344.6824951171875,1269.156982421875,0.8903107643127441,1363.9581298828125,1240.433837890625,0.868864119052887
,174,0.9050345420837402,1335.9151611328125,1292.7032470703125,0.9164836406707764,1344.144775390625,1276.416748046875,0.8867574334144592,1363.4571533203125,1244.5224609375,0.8337658643722534
,175,0.9274675250053406,1333.0439453125,1296.5958251953125,0.8749998211860657,1343.9849853515625,1280.2705078125,0.8927799463272095,1360.56103515625,1251.74169921875,0.8940222263336182
,176,0.9380762577056885,1332.3717041015625,1300.863525390625,0.8569165468215942,1340.6171875,1284.5672607421875,0.8977099657058716,1356.7254638671875,1255.8756103515625,0.8753103613853455
,177,0.9073236584663391,1331.9783935546875,1308.3360595703125,0.9130867123603821,1340.062255859375,1292.0595703125,0.911925196647644,1359.8214111328125,1260.23486328125,0.8402301669120789
,178,0.9209957718849182,1332.1468505859375,1312.7755126953125,0.8904544711112976,1340.1190185546875,1293.407958984375,0.8718420267105103,1353.0931396484375,1264.5447998046875,0.9275951981544495
,179,0.9131626486778259,1328.6793212890625,1316.55029296875,0.8759525418281555,1336.7393798828125,1300.1766357421875,0.9131253361701965,1355.899169921875,1271.485595703125,0.8462231159210205
,180,0.9073255062103271,1328.810546875,1324.171875,0.9119121432304382,1336.677734375,1304.6973876953125,0.8852446675300598,1352.5733642578125,1275.9263916015625,0.9114145040512085
,181,0.9341524839401245,1328.3455810546875,1328.6126708984375,0.9204295873641968,1336.14404296875,1312.08544921875,0.8736103177070618,1352.1783447265625,1277.085693359375,0.8999276161193848
,182,0.9065586924552917,1327.8792724609375,1333.0018310546875,0.9320794939994812,1332.8135986328125,1316.523681640625,0.8852806091308594,1348.642333984375,1284.53662109375,0.8615261316299438
,183,0.9078672528266907,1324.81298828125,1339.8421630859375,0.8910837173461914,1332.700927734375,1320.401611328125,0.8718073964118958,1348.4833984375,1288.576171875,0.8955782651901245
,184,0.9255563020706177,1324.4554443359375,1344.4072265625,0.9216004014015198,1332.2869873046875,1324.974853515625,0.8866926431655884,1348.5413818359375,1296.153076171875,0.8732118606567383
,185,0.9098960161209106,1320.76318359375,1348.7044677734375,0.8880388140678406,1328.83740234375,1329.3287353515625,0.8765482902526855,1344.4605712890625,1300.406982421875,0.90966796875
,186,0.9004095792770386,1320.13916015625,1355.474365234375,0.8834384083747864,1328.2447509765625,1336.267333984375,0.9192755222320557,1347.6400146484375,1307.5052490234375,0.8271245956420898
,187,0.9200257062911987,1320.317138671875,1360.2030029296875,0.8838394284248352,1328.222412109375,1340.85009765625,0.8638026118278503,1344.3623046875,1311.955810546875,0.9052274823188782
,188,0.9282340407371521,1316.841552734375,1364.6072998046875,0.9092381000518799,1325.0211181640625,1348.285888671875,0.8704812526702881,1344.1866455078125,1316.20703125,0.8902285695075989
,189,0.9021354913711548,1316.040771484375,1368.612548828125,0.8796133399009705,1324.258544921875,1352.3026123046875,0.9172552824020386,1343.63671875,1320.5582275390625,0.82411128282547
,190,0.9220176339149475,1313.252197265625,1376.0950927734375,0.8740558624267578,1324.2974853515625,1356.81689453125,0.8726309537887573,1340.5450439453125,1328.0660400390625,0.9344192743301392
,191,0.9144967794418335,1312.849609375,1380.6917724609375,0.928758442401886,1321.0926513671875,1364.390380859375,0.874646008014679,1340.529052734375,1332.5137939453125,0.9127580523490906
,192,0.9175221920013428,1311.9443359375,1384.498291015625,0.8677173256874084,1320.271728515625,1368.2908935546875,0.9006515741348267,1336.4237060546875,1336.66357421875,0.8695259094238281
,193,0.9153884649276733,1309.41259765625,1392.2572021484375,0.898614764213562,1320.5428466796875,1373.0269775390625,0.8702993988990784,1337.38818359375,1344.457275390625,0.8959970474243164
,194,0.9007737040519714,1308.39697265625,1396.1290283203125,0.8603447079658508,1316.7589111328125,1379.9554443359375,0.8985863924026489,1336.0177001953125,1351.432373046875,0.8711134791374207
,195,0.9040892720222473,1307.8775634765625,1400.77294921875,0.8878219127655029,1316.292724609375,1384.52001953125,0.9204644560813904,1335.7576904296875,1355.9539794921875,0.8347430229187012
,196,0.9142816662788391,1305.1173095703125,1408.487060546875,0.8884521722793579,1316.2608642578125,1389.2076416015625,0.8804951906204224,1332.663330078125,1360.7645263671875,0.9029179215431213
,197,0.9226771593093872,1304.2371826171875,1412.4022216796875,0.8726134300231934,1312.6505126953125,1396.1756591796875,0.9184789657592773,1332.0394287109375,1367.622314453125,0.8542768359184265
,198,0.8951588869094849,1303.67578125,1420.0421142578125,0.9030704498291016,1312.0416259765625,1400.8536376953125,0.9268366694450378,1331.55810546875,1372.2860107421875,0.8223127126693726
,199,0.9195639491081238,1300.9066162109375,1424.5865478515625,0.8746339678764343,1312.1043701171875,1405.4520263671875,0.8675746917724609,1328.2940673828125,1376.822998046875,0.9391875267028809
,200,0.9258979558944702,1300.2081298828125,1428.6334228515625,0.888624370098114,1308.577880859375,1412.3785400390625,0.9100525379180908,1328.3271484375,1383.9539794921875,0.8458303213119507
,201,0.9007468819618225,1300.3988037109375,1436.3182373046875,0.864662766456604,1308.4376220703125,1417.0003662109375,0.87105792760849,1324.6727294921875,1388.50830078125,0.9547604918479919
,202,0.9085588455200195,1296.9488525390625,1440.875244140625,0.9184067249298096,1307.898193359375,1424.4635009765625,0.8677511215209961,1324.34521484375,1392.8780517578125,0.884788453578949
,203,0.9010798335075378,1295.9132080078125,1444.9097900390625,0.8948728442192078,1304.2042236328125,1428.6361083984375,0.911219596862793,1323.435302734375,1399.9449462890625,0.8283498287200928
,204,0.9097632765769958,1293.1453857421875,1452.586181640625,0.8900580406188965,1304.2366943359375,1433.2916259765625,0.8618353605270386,1320.545166015625,1404.4654541015625,0.9289544820785522
,205,0.8983989953994751,1292.2940673828125,1456.5394287109375,0.8880670666694641,1300.5938720703125,1440.2835693359375,0.9004914164543152,1320.0137939453125,1411.593994140625,0.8555542826652527
,206,0.9085149765014648,1289.484130859375,1464.183349609375,0.868598461151123,1300.5518798828125,1444.9613037109375,0.8706713914871216,1316.62939453125,1416.2716064453125,0.9423303604125977
,207,0.900626003742218,1288.890380859375,1468.8150634765625,0.9227685332298279,1299.967041015625,1452.567626953125,0.8636268973350525,1316.9033203125,1420.74658203125,0.8970366716384888
,208,0.9050637483596802,1287.8980712890625,1475.7459716796875,0.8733048439025879,1296.1610107421875,1456.62548828125,0.8868964910507202,1312.526123046875,1424.7474365234375,0.8847957849502563
,209,0.9141358137130737,1285.1600341796875,1480.5118408203125,0.9015027284622192,1296.1973876953125,1464.2481689453125,0.8673492074012756,1312.997314453125,1432.3466796875,0.9390888810157776
,210,0.9116309881210327,1284.1300048828125,1484.6103515625,0.8810935616493225,1292.439697265625,1468.4368896484375,0.9055479764938354,1311.952392578125,1436.6153564453125,0.8603337407112122
,211,0.9101898670196533,1281.3642578125,1492.334228515625,0.8800787925720215,1292.389892578125,1476.02685546875,0.8633406758308411,1309.00146484375,1444.2301025390625,0.9361852407455444
,212,0.8998290300369263,1280.4339599609375,1496.4052734375,0.8787396550178528,1288.7398681640625,1480.1766357421875,0.9029456377029419,1308.332763671875,1448.4949951171875,0.8720496892929077
,213,0.9015437364578247,1277.4150390625,1504.0606689453125,0.8529407978057861,1288.5498046875,1484.919677734375,0.8620144128799438,1304.888427734375,1456.2386474609375,0.9509745240211487
,214,0.9035935401916504,1276.8546142578125,1508.729736328125,0.9211106896400452,1285.1473388671875,1492.5174560546875,0.8620647192001343,1304.8267822265625,1460.742919921875,0.8718370199203491
,215,0.8988953232765198,1275.6925048828125,1512.85986328125,0.869631290435791,1283.97607421875,1496.699462890625,0.8956617712974548,1300.5338134765625,1467.918701171875,0.853329062461853
,216,0.9195581078529358,1272.75927734375,1520.5439453125,0.9048995971679688,1281.194091796875,1504.366455078125,0.8545145988464355,1300.7264404296875,1472.7669677734375,0.8837090134620667
,217,0.8989307284355164,1271.6361083984375,1524.7327880859375,0.880901575088501,1280.044921875,1508.5408935546875,0.9219432473182678,1299.6009521484375,1480.015380859375,0.8161584138870239
,218,0.9187492728233337,1268.6627197265625,1532.3223876953125,0.8770537376403809,1279.9993896484375,1513.21923828125,0.855852484703064,1296.677734375,1484.587158203125,0.9038276076316833
,219,0.8985275030136108,1267.6961669921875,1536.473388671875,0.8814897537231445,1276.1102294921875,1520.3037109375,0.9161331057548523,1295.7998046875,1491.9869384765625,0.81425940990448
,220,0.9228944182395935,1264.5897216796875,1541.0296630859375,0.8606310486793518,1273.090576171875,1524.8819580078125,0.8688542246818542,1292.2679443359375,1496.6494140625,0.9227132201194763
,221,0.8886605501174927,1263.6585693359375,1548.1226806640625,0.8737984895706177,1272.0118408203125,1531.95263671875,0.9338234066963196,1292.126708984375,1503.7957763671875,0.8077861070632935
,222,0.9169813990592957,1260.4859619140625,1552.7921142578125,0.8529300689697266,1268.88720703125,1536.617919921875,0.8831057548522949,1288.255126953125,1508.3560791015625,0.9279419183731079
,223,0.8950648903846741,1259.7772216796875,1560.3328857421875,0.9031952023506165,1268.13525390625,1541.1849365234375,0.8977685570716858,1287.8853759765625,1512.693115234375,0.829848051071167
,224,0.917152464389801,1256.421630859375,1564.3984375,0.8667050004005432,1264.8931884765625,1548.2841796875,0.9009367823600769,1284.525634765625,1520.0198974609375,0.8720515370368958
,225,0.9157282114028931,1253.4698486328125,1572.1387939453125,0.8533231019973755,1264.6026611328125,1552.902587890625,0.8780670166015625,1281.3292236328125,1524.5267333984375,0.9062923789024353
,226,0.9041202664375305,1252.6490478515625,1576.7398681640625,0.9109845161437988,1260.9442138671875,1560.464111328125,0.8665458559989929,1280.3056640625,1528.854248046875,0.883722186088562
,227,0.914994478225708,1249.2789306640625,1580.5145263671875,0.8443595767021179,1260.48291015625,1564.3114013671875,0.8696091175079346,1276.7568359375,1535.9927978515625,0.9151104092597961
,228,0.9208353161811829,1248.36181640625,1588.1502685546875,0.8919501900672913,1256.7178955078125,1572.0013427734375,0.8810712099075317,1276.6146240234375,1540.43408203125,0.8583654761314392
,229,0.8973068594932556,1245.1058349609375,1592.8818359375,0.8767151236534119,1256.306884765625,1576.580322265625,0.8580227494239807,1272.572509765625,1544.9241943359375,0.939861536026001
,230,0.9157959818840027,1243.9022216796875,1596.7650146484375,0.8817904591560364,1252.449462890625,1580.6099853515625,0.8927769660949707,1272.1973876953125,1552.0030517578125,0.8484222292900085
,231,0.9138984084129333,1240.8426513671875,1604.422607421875,0.8830416798591614,1251.9814453125,1585.23095703125,0.8652477264404297,1268.54150390625,1556.506103515625,0.90892493724823
,232,0.9094496965408325,1239.627197265625,1608.35205078125,0.8619870543479919,1248.0035400390625,1592.1414794921875,0.9098137021064758,1267.639404296875,1560.34765625,0.813118577003479
,233,0.9253015518188477,1236.499267578125,1616.001953125,0.8763439655303955,1244.8682861328125,1596.832275390625,0.8876832127571106,1264.2490234375,1568.0712890625,0.8663227558135986
,234,0.9288120269775391,1233.30810546875,1620.46728515625,0.8651454448699951,1244.403564453125,1601.2158203125,0.8715866804122925,1260.4635009765625,1572.51171875,0.9301939606666565
,235,0.9216107130050659,1232.2000732421875,1624.49951171875,0.8712464570999146,1240.5728759765625,1608.25244140625,0.9058321118354797,1260.2918701171875,1579.693115234375,0.845071017742157
,236,0.9256802797317505,1228.94140625,1632.1162109375,0.8527742028236389,1239.9688720703125,1612.9466552734375,0.8598516583442688,1256.3092041015625,1584.1077880859375,0.9297060370445251
,237,0.9058976173400879,1228.14892578125,1636.6412353515625,0.9132329821586609,1236.34375,1620.3902587890625,0.8894720077514648,1255.70263671875,1588.5008544921875,0.8516857624053955
,238,0.9215700626373291,1224.66162109375,1640.6875,0.8579708337783813,1233.022216796875,1624.460205078125,0.8850303888320923,1252.2470703125,1595.764404296875,0.871170163154602
,239,0.928342878818512,1224.568115234375,1648.568359375,0.8835830688476562,1232.6480712890625,1632.1217041015625,0.8753100633621216,1248.9632568359375,1600.3115234375,0.9183262586593628
,240,0.9126420021057129,1220.3948974609375,1652.3616943359375,0.8760178685188293,1228.7069091796875,1636.105712890625,0.9062130451202393,1248.1683349609375,1604.440673828125,0.8504295349121094
,241,0.9170197248458862,1217.2523193359375,1656.9259033203125,0.8497457504272461,1228.3258056640625,1640.68701171875,0.8730040192604065,1244.300537109375,1612.0289306640625,0.9026265144348145
,242,0.9148213863372803,1216.2425537109375,1664.6287841796875,0.9187588691711426,1224.5020751953125,1648.402099609375,0.8854631781578064,1244.186279296875,1616.6328125,0.8358060121536255
,243,0.9181555509567261,1212.760009765625,1668.821533203125,0.8554888963699341,1221.0367431640625,1652.56396484375,0.8654721975326538,1240.2095947265625,1623.843994140625,0.9117528796195984
,244,0.9102430939674377,1211.825439453125,1676.294921875,0.9058626890182495,1220.113525390625,1660.0946044921875,0.8909222483634949,1239.734619140625,1628.2335205078125,0.8529326319694519
,245,0.9292506575584412,1208.2613525390625,1680.306640625,0.8642991185188293,1216.7294921875,1664.163818359375,0.9054620862007141,1236.2745361328125,1635.5677490234375,0.854200005531311
,246,0.9323617219924927,1205.1241455078125,1687.9468994140625,0.8514899015426636,1216.2747802734375,1668.779052734375,0.8683885335922241,1232.93896484375,1640.09619140625,0.9109387993812561
,247,0.906789243221283,1204.10009765625,1692.6649169921875,0.910537600517273,1212.3944091796875,1676.4486083984375,0.8785611987113953,1231.90869140625,1644.6007080078125,0.8539798259735107
,248,0.9272507429122925,1200.5218505859375,1696.4189453125,0.8426260352134705,1209.022705078125,1680.309814453125,0.8795170187950134,1228.1002197265625,1651.80126953125,0.899922251701355
,249,0.9143314361572266,1200.4471435546875,1704.4354248046875,0.8927614092826843,1208.58154296875,1688.0809326171875,0.8821690678596497,1228.4271240234375,1656.4833984375,0.901090145111084
,250,0.9100258946418762,1195.9273681640625,1708.3485107421875,0.8573601245880127,1204.31787109375,1692.1634521484375,0.8967950940132141,1223.6424560546875,1660.4979248046875,0.8641494512557983
,251,0.9214207530021667,1192.8116455078125,1715.8609619140625,0.8650020360946655,1204.008056640625,1696.6781005859375,0.8768561482429504,1220.8623046875,1668.126220703125,0.9061813354492188
,252,0.8967375755310059,1189.498291015625,1720.8262939453125,0.8911879062652588,1200.63134765625,1704.4744873046875,0.8872208595275879,1217.191650390625,1672.8563232421875,0.9252886176109314
,253,0.9242798686027527,1188.0213623046875,1724.670654296875,0.8676869869232178,1196.49755859375,1708.53369140625,0.8951388597488403,1216.0830078125,1679.6629638671875,0.8504917621612549
,254,0.9206341505050659,1184.8023681640625,1732.3134765625,0.9001630544662476,1195.99267578125,1713.0927734375,0.8600794076919556,1212.713623046875,1684.3656005859375,0.9090984463691711
,255,0.9127975702285767,1181.1929931640625,1736.2042236328125,0.8466556072235107,1192.4366455078125,1720.10400390625,0.8783552050590515,1208.619140625,1691.6162109375,0.9034593105316162
,256,0.926520049571991,1180.243408203125,1743.9735107421875,0.8899573683738708,1188.61767578125,1724.8455810546875,0.889083206653595,1208.335205078125,1696.1343994140625,0.8421785831451416
,257,0.9105185866355896,1176.955322265625,1748.77978515625,0.8824567794799805,1187.927734375,1732.4346923828125,0.8596746325492859,1204.0997314453125,1700.5726318359375,0.9134378433227539
,258,0.9060565233230591,1173.48583984375,1752.8087158203125,0.860549807548523,1184.530029296875,1736.4991455078125,0.8811750411987305,1201.1087646484375,1707.8507080078125,0.9102201461791992
,259,0.9147588610649109,1172.2344970703125,1760.4178466796875,0.9023709893226624,1180.49658203125,1741.1744384765625,0.8868657350540161,1199.709228515625,1712.3641357421875,0.8383569121360779
,260,0.9201855659484863,1168.7659912109375,1764.2958984375,0.8538748025894165,1177.029296875,1748.0413818359375,0.8960880637168884,1196.1060791015625,1716.4161376953125,0.8633360266685486
,261,0.9033434987068176,1168.465576171875,1772.22216796875,0.8852075338363647,1176.447509765625,1752.8626708984375,0.8932868242263794,1193.04248046875,1724.2169189453125,0.9221795797348022
,262,0.9119406342506409,1164.246826171875,1776.49609375,0.8747049570083618,1172.55615234375,1757.278076171875,0.8815708756446838,1188.5081787109375,1728.5716552734375,0.8840415477752686
,263,0.9032711386680603,1160.93212890625,1780.5498046875,0.8648192882537842,1172.050537109375,1764.3177490234375,0.8745642304420471,1189.099365234375,1736.0390625,0.8598754405975342
,264,0.8993917107582092,1160.53125,1788.8714599609375,0.8896337747573853,1168.5902099609375,1772.435791015625,0.8813514113426208,1184.58203125,1740.8160400390625,0.9220724105834961
,265,0.9223220348358154,1156.521240234375,1792.7869873046875,0.8963106870651245,1164.6922607421875,1776.474853515625,0.8910032510757446,1183.89501953125,1744.654052734375,0.8902837634086609
,266,0.930823802947998,1153.015625,1796.84716796875,0.8446670770645142,1163.9501953125,1780.519775390625,0.8886261582374573,1180.34912109375,1751.8619384765625,0.9069285988807678
,267,0.9193773865699768,1152.6046142578125,1804.654541015625,0.8821694850921631,1160.5863037109375,1788.2056884765625,0.8774219155311584,1176.830810546875,1756.511962890625,0.9321929812431335
,268,0.9057191610336304,1148.3516845703125,1808.423583984375,0.8608580827713013,1156.5743408203125,1792.15673828125,0.9122611284255981,1175.8560791015625,1760.5078125,0.8610296845436096
,269,0.927930474281311,1145.1097412109375,1812.854736328125,0.8284887075424194,1156.0736083984375,1796.61279296875,0.8811940550804138,1171.9892578125,1767.993896484375,0.9085063934326172
,270,0.9032106399536133,1143.989013671875,1820.6068115234375,0.9149280786514282,1152.1185302734375,1804.3670654296875,0.9120010137557983,1171.790283203125,1772.3707275390625,0.8768116235733032
,271,0.917559802532196,1140.434326171875,1824.5576171875,0.8258955478668213,1148.4996337890625,1808.2763671875,0.8979769945144653,1164.7598876953125,1776.40625,0.9084002375602722
,272,0.9219515323638916,1137.1751708984375,1832.1258544921875,0.8632810711860657,1148.051513671875,1815.8575439453125,0.8725733757019043,1164.6243896484375,1783.8603515625,0.9346953630447388
,273,0.9008642435073853,1136.663330078125,1837.056396484375,0.9089650511741638,1144.669921875,1820.564697265625,0.8860626220703125,1160.8232421875,1788.6312255859375,0.9368029236793518
,274,0.9140235781669617,1132.3463134765625,1843.5247802734375,0.8443354964256287,1140.4755859375,1824.4156494140625,0.8786799907684326,1159.619140625,1792.3680419921875,0.8837445974349976
,275,0.9107493758201599,1129.17626953125,1848.3389892578125,0.8846850395202637,1140.0037841796875,1832.0045166015625,0.8649507164955139,1156.5367431640625,1799.9644775390625,0.9551624059677124
,276,0.8955181837081909,1128.6260986328125,1852.978515625,0.8846275806427002,1136.7186279296875,1836.6038818359375,0.8588109016418457,1152.6646728515625,1804.791748046875,0.9658731818199158
,277,0.9195088744163513,1124.446533203125,1859.7926025390625,0.8663260340690613,1132.6290283203125,1843.683837890625,0.8910234570503235,1152.3487548828125,1811.91064453125,0.877413272857666
,278,0.9212556481361389,1121.0682373046875,1864.479248046875,0.8657289743423462,1131.9666748046875,1845.1904296875,0.8386048674583435,1148.087646484375,1816.3538818359375,0.9488129615783691
,279,0.8993205428123474,1117.560546875,1868.5252685546875,0.8475781083106995,1128.4935302734375,1852.3394775390625,0.8659899234771729,1145.038818359375,1823.5699462890625,0.9186822175979614
,280,0.9043945670127869,1116.2022705078125,1876.0684814453125,0.8721403479576111,1124.4271240234375,1856.864990234375,0.8745906949043274,1143.5059814453125,1828.093017578125,0.8409231901168823
,281,0.9122092127799988,1112.963134765625,1880.7529296875,0.8766986131668091,1123.9022216796875,1864.3912353515625,0.8448475003242493,1140.175048828125,1832.5762939453125,0.9095743894577026
,282,0.9148845672607422,1109.4332275390625,1884.9354248046875,0.8483994007110596,1120.3665771484375,1868.6373291015625,0.8768517374992371,1136.80859375,1840.046630859375,0.9184357523918152
,283,0.9185911417007446,1108.0657958984375,1892.1971435546875,0.8485289812088013,1116.400634765625,1873.0474853515625,0.86274653673172,1132.49853515625,1844.336669921875,0.8970816731452942
,284,0.9059129953384399,1104.5164794921875,1896.35498046875,0.8424199223518372,1112.9073486328125,1880.2474365234375,0.889620304107666,1132.4912109375,1851.76513671875,0.858135461807251
,285,0.9236462116241455,1101.142333984375,1904.0283203125,0.820573091506958,1112.064453125,1884.933349609375,0.842400312423706,1128.435546875,1856.188720703125,0.9387033581733704
,286,0.8960132598876953,1100.7413330078125,1908.863037109375,0.8877190947532654,1108.89111328125,1892.4346923828125,0.8806980848312378,1125.363525390625,1860.8016357421875,0.9133148193359375
,287,0.9080317616462708,1096.1370849609375,1912.5914306640625,0.8511792421340942,1104.588623046875,1896.5206298828125,0.8882975578308105,1123.9476318359375,1867.9490966796875,0.8474236726760864
,288,0.9348788261413574,1092.925048828125,1920.240478515625,0.8418025970458984,1103.9937744140625,1901.116455078125,0.8437448740005493,1120.647216796875,1872.3497314453125,0.914649486541748
,289,0.8952237367630005,1089.2744140625,1924.28955078125,0.8354824781417847,1100.4195556640625,1908.1715087890625,0.8780502080917358,1117.126953125,1879.678955078125,0.8839445114135742
,290,0.9208279252052307,1087.8778076171875,1928.67578125,0.8385981321334839,1096.38818359375,1912.61474609375,0.8678677678108215,1115.45263671875,1884.044921875,0.8654301166534424
,291,0.9128060936927795,1084.5216064453125,1936.577392578125,0.8746610879898071,1093.0260009765625,1920.510986328125,0.8579704165458679,1112.9061279296875,1888.797607421875,0.8725695610046387
,292,0.9140295386314392,1080.9197998046875,1940.3204345703125,0.8067675232887268,1092.0615234375,1924.3231201171875,0.8558061718940735,1108.4058837890625,1895.8653564453125,0.8981029987335205
,293,0.8991693258285522,1079.70263671875,1948.1307373046875,0.8822606205940247,1088.0709228515625,1928.9954833984375,0.8721257448196411,1107.71826171875,1900.15478515625,0.8541290163993835
,294,0.9033952355384827,1076.2386474609375,1952.858642578125,0.8858411908149719,1084.5279541015625,1936.6075439453125,0.8593873381614685,1103.7333984375,1904.8341064453125,0.8634615540504456
,295,0.9209803342819214,1072.753173828125,1959.75634765625,0.8192557096481323,1080.966552734375,1940.688232421875,0.848180890083313,1100.3148193359375,1911.8160400390625,0.8970661163330078
,296,0.8884506821632385,1072.321044921875,1964.83154296875,0.8862490653991699,1080.2978515625,1948.360595703125,0.8690175414085388,1096.585205078125,1916.6326904296875,0.9198251962661743
,297,0.8657830357551575,1068.5540771484375,1968.4442138671875,0.8146154284477234,1076.7181396484375,1952.17919921875,0.870303750038147,1092.6033935546875,1923.5745849609375,0.881794810295105
,298,0.8421684503555298,1064.606201171875,1976.120361328125,0.8627372980117798,1072.73974609375,1959.906982421875,0.8695197701454163,1092.163818359375,1928.1290283203125,0.8526344299316406
,299,0.8039560914039612,1064.0799560546875,1980.93994140625,0.8615479469299316,1071.984619140625,1964.462646484375,0.8514600992202759,1084.9691162109375,1932.637451171875,0.9068308472633362
,300,0.7569380402565002,1060.659912109375,1987.9603271484375,0.8703941702842712,1068.5836181640625,1968.5714111328125,0.864986777305603,1084.8009033203125,1939.7176513671875,0.9023622870445251
,301,0.6932344436645508,1056.3623046875,1992.7684326171875,0.9123108983039856,1064.3729248046875,1976.3482666015625,0.8743492960929871,1080.272705078125,1941.4093017578125,0.839722216129303
,302,0.7161706686019897,1052.7513427734375,1999.8648681640625,0.9478949904441833,1063.7591552734375,1980.515869140625,0.8693846464157104,1079.7672119140625,1948.4932861328125,0.8732319474220276
,303,0.7090685367584229,1052.3721923828125,2004.6461181640625,0.8067889213562012,1060.6129150390625,1985.103759765625,0.8591745495796204,1076.58935546875,1956.49609375,0.8919687271118164
,304,0.8111268281936646,1045.0687255859375,2004.37548828125,0.5913980603218079,1059.8170166015625,1988.5601806640625,0.8959785103797913,1072.0753173828125,1960.1602783203125,0.7835204601287842
,305,0.8578745722770691,,,0.0,1057.197265625,1992.1463623046875,0.3968539237976074,1072.393798828125,1967.967041015625,0.6169500946998596
,306,0.8298274278640747,,,0.0,1060.447265625,1991.9952392578125,0.6798668503761292,1064.6805419921875,1968.235107421875,0.6424521207809448
,307,0.7803724408149719,,,0.0,1063.833740234375,1993.260009765625,0.628357470035553,1060.1319580078125,1972.30615234375,0.4956953823566437
,308,0.6500969529151917,1056.661376953125,1984.908447265625,0.47405505180358887,1060.2880859375,2000.314208984375,0.781461238861084,,,0.0
,309,0.4451931416988373,1056.6893310546875,1993.0546875,0.4369802474975586,1056.886962890625,2004.8046875,0.7376816272735596,,,0.0
,703,0.28348276019096375,1540.756103515625,28.662582397460938,0.5530742406845093,1540.7930908203125,12.646018981933594,0.7419529557228088,,,0.0
,704,0.6766573786735535,1544.44384765625,40.86981201171875,0.7391586303710938,1540.9134521484375,24.452394485473633,0.8736519813537598,1520.406005859375,4.10392951965332,0.34451523423194885
,705,0.8705979585647583,1548.2921142578125,51.962562561035156,0.8845771551132202,1541.1724853515625,35.646453857421875,0.8397550582885742,1524.7801513671875,4.073482513427734,0.518531084060669
,706,0.861652135848999,1549.1160888671875,60.85387420654297,0.900356113910675,1544.7947998046875,41.49992370605469,0.848269522190094,1532.8406982421875,5.376485824584961,0.780407190322876
,707,0.8901433944702148,1552.1739501953125,71.7818832397461,0.8964357972145081,1547.960693359375,52.10182571411133,0.8680086135864258,1536.12109375,16.194259643554688,0.9257761836051941
,708,0.859320878982544,1555.520751953125,80.36764526367188,0.922554075717926,1551.4859619140625,60.696571350097656,0.8863765001296997,1539.8807373046875,24.957138061523438,0.8804492950439453
,709,0.894266664981842,1556.5147705078125,88.72618103027344,0.9019127488136292,1552.28369140625,71.95774841308594,0.8657362461090088,1540.5333251953125,36.14323806762695,0.924318253993988
,710,0.9268690943717957,1559.846435546875,100.26697540283203,0.9217450022697449,1555.7391357421875,80.6236572265625,0.8846721649169922,1544.0733642578125,44.879859924316406,0.8986696004867554
,711,0.9122010469436646,1561.0482177734375,108.46392059326172,0.9148454070091248,1556.71826171875,91.79960632324219,0.8800384402275085,1545.0108642578125,56.10443115234375,0.9282851219177246
,712,0.9672827124595642,1564.056884765625,120.0498275756836,0.9016672372817993,1559.943115234375,100.3965072631836,0.8837052583694458,1548.2681884765625,64.37184143066406,0.9048012495040894
,713,0.9236381649971008,1567.4188232421875,128.838134765625,0.9163245558738708,1560.4420166015625,109.01127624511719,0.8867208361625671,1551.612060546875,73.20413208007812,0.8920969367027283
,714,0.9515786170959473,1568.297607421875,139.85736083984375,0.9080072641372681,1564.1331787109375,120.19108581542969,0.8626572489738464,1552.5361328125,84.22932434082031,0.9241530299186707
,715,0.9417524337768555,1571.5743408203125,148.32623291015625,0.9136580228805542,1567.5545654296875,128.63270568847656,0.8846530914306641,1556.04345703125,92.82125854492188,0.9075019359588623
,716,0.9373055696487427,1572.71533203125,156.73770141601562,0.8989046216011047,1568.5003662109375,139.9867706298828,0.871610701084137,1556.85400390625,104.15487670898438,0.9324204921722412
,717,0.9636223912239075,1575.9962158203125,168.14459228515625,0.9107779264450073,1571.94384765625,148.51605224609375,0.8803933262825012,1560.3177490234375,112.54454040527344,0.9007725715637207
,718,0.9172287583351135,1576.4666748046875,176.94850158691406,0.9032435417175293,1572.4766845703125,157.10110473632812,0.8888860940933228,1563.88427734375,121.35543060302734,0.8816192150115967
,719,0.959012508392334,1580.40087890625,187.95298767089844,0.9018667340278625,1576.235107421875,168.2141876220703,0.866603434085846,1564.755615234375,132.26124572753906,0.9034831523895264
,720,0.9392295479774475,1583.5860595703125,196.5524139404297,0.9082311987876892,1576.7120361328125,176.75885009765625,0.883241593837738,1568.251708984375,141.02804565429688,0.8892082571983337
,721,0.9319912791252136,1584.72216796875,207.65438842773438,0.8954591751098633,1580.4908447265625,187.993408203125,0.8340501189231873,1569.065185546875,152.05023193359375,0.9105395674705505
,722,0.9505181312561035,1587.9205322265625,216.19029235839844,0.9032084941864014,1583.8763427734375,196.49267578125,0.8811674118041992,1572.5283203125,160.69320678710938,0.8967394828796387
,723,0.9252238869667053,1588.24462890625,227.49014282226562,0.8801254034042358,1584.281005859375,207.61289978027344,0.8696942925453186,1575.913330078125,172.0686798095703,0.9240320920944214
,724,0.9678274393081665,1592.25732421875,235.89471435546875,0.8830738067626953,1588.1712646484375,216.21176147460938,0.8638585209846497,1576.8875732421875,180.22189331054688,0.8879453539848328
,725,0.9417070150375366,1592.6630859375,244.63156127929688,0.901982843875885,1588.6468505859375,224.79737854003906,0.8829048275947571,1580.224609375,189.02642822265625,0.9061599969863892
,726,0.9500365257263184,1596.4495849609375,252.65740966796875,0.8927245140075684,1592.261474609375,235.7823944091797,0.836368203163147,1580.9520263671875,199.9790802001953,0.9139292240142822
,727,0.9474334716796875,1599.715576171875,263.9813232421875,0.9049256443977356,1595.69677734375,244.23780822753906,0.8642740249633789,1584.358154296875,208.62210083007812,0.892180860042572
,728,0.9369097352027893,1600.60009765625,272.7103576660156,0.9048739075660706,1596.4681396484375,252.9928436279297,0.8587801456451416,1585.07763671875,217.06631469726562,0.9018368124961853
,729,0.9539662599563599,1604.0875244140625,280.6020202636719,0.9013686776161194,1599.9521484375,263.87689208984375,0.8675279021263123,1588.45458984375,228.09326171875,0.9014832377433777
,730,0.9375186562538147,1607.355224609375,292.35125732421875,0.8945116400718689,1600.4068603515625,272.5507507324219,0.8677093982696533,1591.86572265625,236.93585205078125,0.8973267078399658
,731,0.9518571496009827,1608.237060546875,300.7019348144531,0.8942828178405762,1604.157958984375,280.9309997558594,0.8721098899841309,1592.5711669921875,245.11898803710938,0.8838775157928467
,732,0.9229815006256104,1611.7098388671875,308.62994384765625,0.8932761549949646,1607.612060546875,291.8433837890625,0.8635181188583374,1596.0816650390625,256.30804443359375,0.9064885377883911
,733,0.9450287818908691,1612.4080810546875,320.15948486328125,0.8741728663444519,1608.222412109375,300.37579345703125,0.7754156589508057,1596.77734375,264.6488342285156,0.8564152717590332
,734,0.943673849105835,1615.9266357421875,328.4293212890625,0.9127243161201477,1611.7750244140625,308.7931823730469,0.8667870759963989,1600.161865234375,273.0264892578125,0.8799533843994141
,735,0.9281648397445679,1617.072021484375,336.5205078125,0.888981282711029,1612.719482421875,319.8595275878906,0.8554322123527527,1600.7169189453125,284.20947265625,0.9132927656173706
,736,0.9638909101486206,1620.24267578125,347.85107421875,0.8798807859420776,1616.02294921875,328.2299499511719,0.8552564978599548,1604.1727294921875,292.42279052734375,0.8760616183280945
,737,0.9384996294975281,1623.584716796875,356.526611328125,0.9019373059272766,1616.5576171875,336.7359619140625,0.8644229173660278,1607.750732421875,301.04107666015625,0.8806450963020325
,738,0.9470446705818176,1624.3209228515625,364.84375,0.8889689445495605,1617.3563232421875,345.0356750488281,0.8578160405158997,1608.5037841796875,309.4125061035156,0.8785242438316345
,739,0.9295545816421509,1627.78271484375,375.59222412109375,0.8886476159095764,1623.72021484375,355.90716552734375,0.8585085272789001,1612.08203125,320.4739074707031,0.8903035521507263
,740,0.9546867609024048,1628.793212890625,384.0283203125,0.8860530257225037,1624.4681396484375,364.4106140136719,0.8384270668029785,1612.630615234375,328.6081237792969,0.8998051881790161
,741,0.9594914317131042,1632.2149658203125,392.3164978027344,0.8964835405349731,1627.956787109375,372.691650390625,0.8567312359809875,1615.98828125,336.9082336425781,0.8928174376487732
,742,0.9215877056121826,1635.5994873046875,400.41229248046875,0.8868743777275085,1628.473876953125,383.5918273925781,0.8436224460601807,1619.5111083984375,348.19390869140625,0.918313205242157
,743,0.9566258192062378,1636.771484375,408.5466003417969,0.8856692314147949,1632.3651123046875,391.8116455078125,0.8601500391960144,1620.347900390625,356.11285400390625,0.8899763226509094
,744,0.9472981691360474,1640.2056884765625,419.9154052734375,0.894116997718811,1635.9520263671875,400.30450439453125,0.8656856417655945,1624.1077880859375,364.6767272949219,0.8903301954269409
,745,0.940280020236969,1640.9791259765625,428.20562744140625,0.8779914975166321,1636.6932373046875,408.57794189453125,0.825046718120575,1624.8311767578125,372.7800598144531,0.8721094727516174
,746,0.9459393620491028,1644.6849365234375,436.3990783691406,0.901782751083374,1640.3648681640625,416.8296203613281,0.8699826002120972,1628.4610595703125,380.9985046386719,0.8665621876716614
,747,0.9255911111831665,1647.9549560546875,444.54510498046875,0.8924117684364319,1643.762451171875,427.81414794921875,0.8510837554931641,1631.905029296875,392.0346984863281,0.9184496998786926
,748,0.9439367055892944,1649.264404296875,452.59149169921875,0.869978129863739,1644.8992919921875,435.9917907714844,0.8517175316810608,1632.839111328125,400.0567321777344,0.8736454248428345
,749,0.9424435496330261,1652.6798095703125,463.9236755371094,0.8903955221176147,1648.396728515625,444.37481689453125,0.8692874908447266,1636.552490234375,408.4497985839844,0.8942716717720032
